<?xml version="1.0" encoding="UTF-8"?>
<!DOCTYPE suite SYSTEM "https://testng.org/testng-1.0.dtd">
<suite name="Suite">
<listeners>
         <listener class-name="utilities.Listeners"/> 
         <listener class-name="utilities.ExtentReporterNG"/>
 </listeners>
  <test thread-count="5" name="Test">
    <classes>
      <class name="pageobject.HomePage"/>
      <class name="pageobject.SearchPage"/>
      <class name="pageobject.MouseActions"/>
      <class name="pageobject.TrackOrderPage"/>
      <class name="pageobject.CartHandling"/>
      <class name="pageobject.CorporateGifts"/>
        <class name="pageobject.PersonilizedGifts"/>
      <class name="pageobject.Gifts"/>
      <class name="pageobject.SearchPage"/>
    </classes>
  </test> <!-- Test -->
</suite> <!-- Suite -->
